index,feature,importance
0,PC1,0.15653068
5,PC6,0.07496805
19,PC20,0.025816834
22,PC23,0.021950021
23,PC24,0.020873193
55,PC56,0.020138243
6,PC7,0.01997492
33,PC34,0.01975951
8,PC9,0.018716585
41,PC42,0.01710185
53,PC54,0.01563396
18,PC19,0.01543403
13,PC14,0.015194873
49,PC50,0.0148590095
45,PC46,0.0139197055
4,PC5,0.013664429
34,PC35,0.013577285
50,PC51,0.013469392
21,PC22,0.0134533765
25,PC26,0.013034009
37,PC38,0.012981732
17,PC18,0.012665645
56,PC57,0.012512435
20,PC21,0.012273867
63,PC64,0.012184763
10,PC11,0.012135335
14,PC15,0.01205871
32,PC33,0.011833162
26,PC27,0.011657942
3,PC4,0.01154472
36,PC37,0.011477123
42,PC43,0.011426437
61,PC62,0.011133193
38,PC39,0.011068185
29,PC30,0.0110610165
7,PC8,0.01099544
52,PC53,0.01087381
9,PC10,0.010797897
51,PC52,0.010736212
11,PC12,0.010721383
31,PC32,0.010718404
28,PC29,0.010456769
24,PC25,0.010421458
30,PC31,0.010372404
57,PC58,0.010308451
60,PC61,0.010277822
2,PC3,0.01017454
47,PC48,0.010158037
62,PC63,0.010083636
15,PC16,0.010031253
27,PC28,0.009815148
43,PC44,0.009737206
1,PC2,0.0096358
12,PC13,0.009447428
44,PC45,0.009437063
54,PC55,0.009301578
59,PC60,0.009231666
35,PC36,0.009113762
40,PC41,0.008960334
16,PC17,0.008784221
58,PC59,0.008596093
39,PC40,0.008560581
46,PC47,0.008451094
48,PC49,0.0077163386
