index,feature,importance
55,PC56,0.26847312
1,PC2,0.13692535
0,PC1,0.0884178
56,PC57,0.050350666
27,PC28,0.028773824
2,PC3,0.024942972
34,PC35,0.02261818
14,PC15,0.022315232
21,PC22,0.020785592
7,PC8,0.020143777
24,PC25,0.019519746
26,PC27,0.01719377
16,PC17,0.016731877
54,PC55,0.015387547
46,PC47,0.01218563
32,PC33,0.01143199
6,PC7,0.011037778
31,PC32,0.011006308
58,PC59,0.010690095
62,PC63,0.00940387
5,PC6,0.008414545
28,PC29,0.008313876
47,PC48,0.008170964
10,PC11,0.007730387
59,PC60,0.0068715382
45,PC46,0.0068415143
9,PC10,0.006725105
11,PC12,0.006416068
19,PC20,0.006392917
33,PC34,0.006387111
23,PC24,0.005964381
35,PC36,0.0056893085
22,PC23,0.005507782
49,PC50,0.005465439
4,PC5,0.005395607
30,PC31,0.0053539122
60,PC61,0.0052634655
51,PC52,0.0049968734
41,PC42,0.0048402697
57,PC58,0.004271453
38,PC39,0.0039615734
63,PC64,0.0035407455
25,PC26,0.0033806805
43,PC44,0.0032150366
39,PC40,0.0031522715
13,PC14,0.0030574834
20,PC21,0.0028599051
50,PC51,0.002850243
52,PC53,0.00266386
29,PC30,0.0026013711
15,PC16,0.0024436065
44,PC45,0.002379438
61,PC62,0.0023729226
3,PC4,0.002334157
53,PC54,0.0023110798
18,PC19,0.0022364762
17,PC18,0.0019993016
8,PC9,0.0019577222
36,PC37,0.0019501059
40,PC41,0.0013175276
37,PC38,0.0011321288
12,PC13,0.0011314875
42,PC43,0.0010078432
48,PC49,0.0007953414
